"wavelength_nm","blue","green","red","re","nir"
465,0.129385495925551,0.00376366288583617,0.0214467045465409,0.00416694760443092,0.00148879610541121
466,0.21636465474704,0.00295946330245491,0.0161121064373882,0.00516058733012094,0.00216560866122782
467,0.413819625617825,0.00243888123370048,0.0137111466041087,0.00526522572449243,0.00128643026306375
468,0.553001534282954,0.00187234106891131,0.0140862779318573,0.00358860672451016,0.00168000513183774
469,0.661409590117921,0.00159464457078752,0.0175652969680098,0.00275236440869398,0.00161752772598044
470,0.733971961597151,0.0017890214547974,0.0271065769704176,0.00195339903407256,0.00147621742716838
471,0.79233800847345,0.00176690794029925,0.0462448953448337,0.00404506352093919,0.00105293022143022
472,0.863312780014736,0.00204195040530319,0.057173511850768,0.00132678420013232,0.00137106694945295
473,0.895144224952195,0.0015854513046883,0.0436813586140218,0.00225636378456231,0.00132802042539731
474,0.915307046377704,0.00127081850413964,0.029942872939251,0.00129900792552119,0.00181253305411414
475,0.931549994411505,0.00135188400837114,0.0233267652046716,0.000920791948169543,0.00174085475908379
476,0.966765483962833,0.00245318322453908,0.0259690025769476,0.00414097803422831,0.00151110731602512
477,0.987485239256618,0.00196490763514094,0.0303220248376284,0.00357731708221049,0.00232075650319638
478,1,0.00216163320006484,0.0336517299279686,0.00158896133697456,0.00169718207379535
479,0.997584372202047,0.00226848322555234,0.0289236309397955,0.00246133318249268,0.00077214297635556
480,0.98684753591482,0.00162472371118997,0.0171239445700966,0.0010337937128043,0.0012376464923086
481,0.983789145225212,0.00128297431674749,0.0116778615789176,0.00255820586912546,0.00140446358727522
482,0.977439962154032,0.00157337814141038,0.00894514798199458,0.000504978123720739,0.00120727026649984
483,0.95309601229773,0.00192291552197447,0.00720811517456989,0,0.00202939257947619
484,0.926395314986653,0.00210382050780392,0.00692415469947691,0,0.00195573802085924
485,0.898178794810869,0.00178759013299618,0.00655145627657048,0.000158774473319615,0.00177239188184422
486,0.868937268601675,0.00178487080684574,0.00720717696558678,0.000938370757377907,0.00153416452236062
487,0.825248044059855,0.00133489384533377,0.00863654559484334,0.00185943499209933,0.00110316532946405
488,0.801155046247754,0.001215878683835,0.0101964424379435,0.00138161908657703,0.00128935369064904
489,0.759080053286975,0.00140156992070152,0.00967029608938872,0.00290430061765085,0.00172718053211892
490,0.669962100418517,0.00116699809660827,0.00900073933406602,0.00534976826934492,0.00238241358944748
491,0.445232303592633,0.00117721243239153,0.00845331228166193,0.00243236877593774,0.00407077356781066
492,0.291755452010026,0.000718679313489567,0.0081637759589046,0.00272089054248783,0.00533320044597744
493,0.175538739512747,0.000865936162880282,0.00760714412038437,0.00135790352781213,0.00542606608234059
494,0.100868074034632,0.00123438580187508,0.00686174147918563,0.00150853185624222,0.00446995902608351
495,0.0446568963654634,0.00115730982792214,0.00674835644344683,0.00285237131967056,0.00202592145014205
496,0.0271393200994661,0.00102887953903168,0.00708707177304757,0.00209169934705362,0.00212368927212908
497,0.0172546210801697,0.0012873575426655,0.00807861945498355,0.00281900642342582,0.00195212830056474
498,0.0118702242366186,0.00147139515484869,0.00916309525367873,0.00103417786417945,0.00170147707410541
499,0.0075922127048401,0.00118199207869487,0.0122598142991172,0.0020542020556984,0.00120590983637719
500,0.00586261736211099,0.00163853727016563,0.0156777197599362,0.000876504679223087,0.00147246289831435
501,0.00499142539480766,0.00153539993316227,0.0185004819274525,0.000876042789147291,0.00160047398295553
502,0.00424426196934304,0.00171880022126595,0.0222777902789113,0.00231867028829842,0.001210561011723
503,0.00395230340149874,0.00199432986097572,0.0244078980217504,0.00287119348304569,0.000767381162671736
504,0.00422564088158566,0.00167617162348651,0.0265322298980516,0.00228582911831423,0.00144789834543412
505,0.00484386825473676,0.00204410168030092,0.0298412297259409,0.00127622849630793,0.00136254933177917
506,0.0047133134314184,0.00113547444704291,0.0426033518758204,0.00153565815277004,0.001708902167355
507,0.00386645633680648,0.00103149279600928,0.0517954118148376,0.000832780707261047,0.00217750435953064
508,0.00285325355300967,0.00128876383305189,0.0538598288271355,0.000692611467551225,0.0019570283204311
509,0.00177778998991113,0.0015736636756366,0.0409920161065009,0.000137256710880783,0.00140745744599329
510,0.00122066805515148,0.00142006201045573,0.0324299502689525,0.00217087921431842,0.00182566140348217
511,0.00107566560404218,0.00160204696706282,0.0275995635851359,0.00121337094907324,0.00186349985265366
512,0.00111510682196084,0.00194705843645122,0.028354615028668,0.000268775158000865,0.00175680462101683
513,0.000934326099614127,0.00155459133963412,0.0412051816163168,0.00187322068693931,0.00215475513208414
514,0.000788606336370266,0.00178468851691662,0.0525296887357858,0.000800759478198097,0.00148477440257165
515,0.000621509210093094,0.00203323844748047,0.0520597346806534,0.000660457839243182,0.00103159911847145
516,0.000925567720881843,0.0019925319436618,0.0291324533043793,0.000131317586771642,0.00124005771330848
517,0.000775222957278798,0.00194638512787176,0.0169669484471661,0,0.00115945554209198
518,0.000740794095538409,0.00227545942304148,0.00982036278102036,0,0.00123696321332986
519,0.000637175642560527,0.00252892696555212,0.00722104606481685,0.000260756973411502,0.00134433454517661
520,0.000497485031864189,0.00269806957774747,0.00523241904788211,0.00130297010105904,0.00136132896505372
521,0.000616644012896366,0.00331744809182918,0.00541432991330138,0.00336253034540734,0.00142580213806644
522,0.000917782626537371,0.00426450296668852,0.00549018966857434,0.00492667963373002,0.00168683423890589
523,0.000798477049337433,0.00779129509814306,0.0055463323299376,0.0153807275596631,0.0018487012464732
524,0.000527126853107603,0.0107744929482789,0.00533872239463335,0.0305887751955552,0.00226958622725206
525,0.000595640107230895,0.0127859788293299,0.0048681054738186,0.0301260173867433,0.00177926834144063
526,0.000600651841914536,0.0126415232538354,0.00517267147876511,0.0188179144720079,0.00219253356858915
527,0.000643662393546019,0.0126204500100573,0.00545626010687902,0.00674940255113726,0.00222607182528437
528,0.000704275022691953,0.0124891190411422,0.00563396773228719,0.00446151113864261,0.00254193469319302
529,0.000509795881084035,0.0124020039021045,0.0065890681577712,0.00355562180704666,0.00236225929465621
530,0.0005521226989798,0.0133730778633981,0.00609692665990444,0.00140158368727111,0.00248672469076605
531,0.00081408836567532,0.0134933576669395,0.00724444401916171,0.00128154826743174,0.00235766855421652
532,0.000932260125242158,0.0133777998475357,0.00903021722717289,0.00115492883047363,0.00254943805197606
533,0.00137245596134816,0.0147158924249623,0.01465015539595,0.00366545951829388,0.00351387504023705
534,0.00184592361177143,0.0149963636238881,0.0231258159365526,0.00156032214626222,0.00313050844054788
535,0.00200223290513156,0.0153240216180172,0.0292511388614099,0.00244617095651722,0.00282694048090864
536,0.00143460271300048,0.0167683530102179,0.0248373067260216,0.00353662864322638,0.00282137687989232
537,0.00126797570365095,0.0173929013256259,0.01825231366878,0.00325471286866395,0.00248678419916801
538,0.00146940620910252,0.0185220210705055,0.0140921514173489,0.00245723845884881,0.00197963769957331
539,0.00142857678997562,0.0192989392335262,0.011372391595448,0.00278271750285518,0.0022200929899813
540,0.00100811980090388,0.0215896712069992,0.0094314940273791,0.00383819133117217,0.00143952100868748
541,0.000828122923936683,0.0242104972260979,0.00967540545410389,0.00469829866493455,0.00153389641553224
542,0.000692095134671219,0.0276421418763493,0.0097072864338644,0.00488386485347969,0.00101997449489154
543,0.000485893013564566,0.0361198770138259,0.0114291440153527,0.00470898013787201,0.00116089269088769
544,0.000598139730599164,0.0471627807896226,0.0122206463846861,0.00488742066955303,0.00126203067171101
545,0.000626943263629635,0.069377238958404,0.015422725183137,0.00633131504427275,0.0011453302984305
546,0.000818566130620259,0.1677104094266,0.0241080248566895,0.00668032575962782,0.00201027612066432
547,0.000802464215881345,0.328543850259966,0.0309041314637361,0.0064094403907905,0.00198146615443956
548,0.000831016694041794,0.562479617605395,0.0328584986423766,0.00716567362243157,0.00202428055591213
549,0.00137770852367179,0.834238568545636,0.0230069273040327,0.00777769873343563,0.00302382899776168
550,0.00160914571862566,0.901490638832546,0.0161548414061332,0.00753576939095159,0.00436368202412458
551,0.00238907406590857,0.933099962929416,0.0109564231456433,0.00578193932241955,0.00698599547262175
552,0.0034868372468075,0.980745426609068,0.0076808257821958,0.00654991196657909,0.0107171563830834
553,0.00332753661983543,0.998118535272929,0.00698708635980618,0.00557002002998955,0.0114954527820735
554,0.00269773511778413,0.999540941677643,0.00644130735980194,0.00622707420042393,0.0108744306276588
555,0.0014264498760312,0.981177600114883,0.00453925879046682,0.00511132157354911,0.00670531651170641
556,0.000989459651014212,0.969359923374698,0.00406484742827999,0.00314245892958883,0.00470783136399328
557,0.000943116111623334,0.963301885713781,0.00430466044887172,0.00173250431312249,0.0031309024418167
558,0.000532931677569663,0.967334547757882,0.00402449892081071,0.00375388825939349,0.00228323700726472
559,0.00031778943927322,0.973752970641663,0.0041405025345423,0.00341270895581703,0.00190715443652396
560,0.000342167108602903,0.981965740448113,0.00451513437078107,0.00350816423603591,0.00152575876521719
561,0.000394110314899554,0.993701479933313,0.0046971866159741,0.00372976041403437,0.00101889389577474
562,0.000341434218966125,1,0.00463306333034947,0.00317777706026378,0.00109762333552275
563,0.000319490538173169,0.996806943240024,0.00499059694355444,0.00465390412875694,0.0012143935704884
564,0.000422987110910201,0.976586023759251,0.00424475499257159,0.0059088175171036,0.00135922832701768
565,0.000309264383676169,0.937318937478163,0.00407649768936446,0.00674024323383648,0.00134107934585448
566,0.000264293504414995,0.87229003389796,0.00403746597522149,0.00654068207690165,0.0012447954301434
567,0.000333103286655199,0.712962142075392,0.00384213696074201,0.00838594326512763,0.00179591150584305
568,0.000255261744790641,0.562543931749455,0.00422237520468161,0.0161079180168844,0.00214699652474468
569,0.000226020379324297,0.401187687358198,0.00416555725436767,0.0216259029774551,0.00219263503178752
570,0.000268650516488149,0.202019529641251,0.00479876622297144,0.0237641780292673,0.00215592816401638
571,0.000328407259648111,0.117157658320324,0.00535077014057234,0.0171589520481293,0.00235525512858833
572,0.000352264682881101,0.0665176416180746,0.00614593694089503,0.0105627963775528,0.00219303718151034
573,0.00036453188577,0.030638521165799,0.00717134298309829,0.00601229563965372,0.00185317238062571
574,0.000397036441568572,0.0203801379503854,0.00747296936671663,0.00504530900995322,0.00217539178612954
575,0.000384110293296234,0.0129068425410002,0.00746209402921571,0.00262526732283669,0.00224184308700321
576,0.000419944557072493,0.0104291896086555,0.010315133958569,0.00345016526438155,0.00271189961730964
577,0.000390599851290693,0.00904826665329886,0.0139811604241767,0.00261136563887187,0.00301580899703119
578,0.000267936489468016,0.00780026336520892,0.0152257499655035,0.00259247132145412,0.00385596367062491
579,0.000325963558226559,0.00747087200704845,0.0119864970614936,0.00311808586717242,0.00397074123095553
580,0.00043389097388601,0.00716049377208618,0.00796550624135169,0.00350299359620361,0.00468109171524734
581,0.000598366284861165,0.00688107744960069,0.00557158255455484,0.00258161152058256,0.00385117629622705
582,0.000545038961589053,0.00665783609279551,0.0053008162767555,0.00237927547578955,0.00296198040711334
583,0.000673813824316717,0.00679827149973041,0.00524708882824827,0.00216835917981739,0.00283153547290722
584,0.00178179137073734,0.00676809799836332,0.00995310218486945,0.000311091451106951,0.00236874484729301
585,0.00334905581257244,0.00758669206852788,0.0168251615180024,0.00208575513028774,0.00424805521727135
586,0.00392446384931387,0.00737519342566941,0.0198338515478436,0.00155404743164688,0.00285047116661615
587,0.00329445555388818,0.00688684536162061,0.0163960048348206,0.000620854458707807,0.00229030645633711
588,0.00234011972747417,0.00638460589667063,0.0111752716006139,0.000102602249411081,0.00237206254182373
589,0.00126316852345759,0.00663768012946975,0.00595552552191676,0.00154650598227844,0.00285115981489828
590,0.000766629683010259,0.00692716808820665,0.00406483736737187,0.00154101498933769,0.00290870091374877
591,0.000861935160975014,0.00737011290478176,0.00360850791999511,0.00356736461527936,0.00304796110270025
592,0.000657754147839389,0.00697231964815294,0.00233911565844153,0.00706919200398718,0.00282916655127488
593,0.000405309217685281,0.00680922659137682,0.00184895843793615,0.0108959684894854,0.00266053556390902
594,0.000316332764329603,0.00767991928593621,0.00152932527913223,0.00975096229766232,0.00208780963893898
595,0.000448594910052717,0.00735287963604045,0.00140254853905655,0.00559524760093863,0.00201604188345778
596,0.000329540472234119,0.00731654563938271,0.0013144398343688,0.0029266547997173,0.00237045914538091
597,0.000224968777990736,0.00749991330346508,0.00114727917781518,0.00115231939928404,0.00240947699114954
598,0.000296709040149487,0.00776948561067962,0.00118846233668002,0.00104120226106643,0.00268946592806862
599,0.00029968139055943,0.00789252617782273,0.00133076684711753,0.00214235936278703,0.0029757977150632
600,0.000187983762613692,0.00793533667002675,0.00124261165765055,0.000819266791760306,0.00272320557197576
601,0.000253826808649022,0.00850640171213989,0.000911059021791008,0.000539241410726149,0.00276070920635994
602,0.000289808552875886,0.0085998060982519,0.00118427580445889,0.00142490175088249,0.00283730279747931
603,0.000255687916629424,0.00926196785647282,0.00122310845077004,0.00220394253484777,0.00271735644366194
604,0.000169691532173482,0.010335456776083,0.0011623955126522,0.00104611864926931,0.00319099159136063
605,0.00023195216124889,0.0123613162097577,0.000917365312945737,0.0012032733409998,0.00376781769921125
606,0.000299393927683337,0.0136401336375001,0.000836687593000756,0.000509317516963176,0.00411056478156614
607,0.000202850770809875,0.0122328544333078,0.000734011521839822,0.00083594921051312,0.00420836360678205
608,0.000355508089851856,0.00999188112828355,0.000836220012979293,0.00173918591192159,0.00480650107352962
609,0.000215753617517247,0.00800216236111442,0.000842573217423412,8.11188159309134e-05,0.00445044328493777
610,0.000290057441806588,0.00579808214758884,0.00111980550869906,0.000837201280880299,0.00359640990520216
611,0.000288938263064531,0.00445112361848176,0.000700702845312028,0.000144223153457414,0.00337686471703589
612,0.000131710259024089,0.00346584326504323,0.000736731401182308,0.00079555505886421,0.00282144774173745
613,0.000227631819877178,0.00287768827021553,0.000624433892039281,0.00134296736282662,0.00287824885469737
614,0.000225770046309515,0.00237454067019627,0.000730801167142977,7.59306569750875e-05,0.00291460946688606
615,0.000257733117058632,0.00213335360801927,0.000930723670558274,0.000696478155222944,0.00322303379976734
616,0.000257216670534378,0.00226624225813598,0.000931405176178111,0.000703267244821664,0.00322604601846761
617,0.000197299278353152,0.00187422261794658,0.000921071867243446,0.000394876054771405,0.00323213731489982
618,0.000204003961332305,0.00197327888267124,0.00079908212377508,0.00047516137592409,0.00347362685040712
619,0.000119489469756904,0.00196589749640939,0.000935997028267651,0.000715190185583574,0.00340875759956911
620,0.000239775218813656,0.00170205936218736,0.000883147373334184,0.000158810461384942,0.00296820763458538
621,0.000320244148932442,0.00216962375046,0.000976301106464811,0.000957506033249796,0.00300406304034369
622,0.00048975920862849,0.00196514613243104,0.00104751271100281,0.000239076886078784,0.00340551293750586
623,0.000720615296637954,0.00188076861428199,0.00133770341222661,0.000884439500398876,0.00386218518979506
624,0.000737702390531804,0.00182182505060199,0.0011560165470118,0,0.00412100133469457
625,0.000649406990086479,0.00178824789521808,0.00128993619416848,0,0.00447394564005307
626,0.000505374173775704,0.00212774495791387,0.00130692747702684,0.000485938526512946,0.00462616010324012
627,0.000268108984217883,0.00185171314570211,0.00100209216237235,0.000812762662544562,0.00442168661936715
628,0.000285433017653834,0.00188794472694101,0.000889727252202367,0.00187841630438908,0.00426058688656022
629,0.000263470975874222,0.00217997076822668,0.00118894433603834,0.00155748289155636,0.00399080003288781
630,0.000287284427165393,0.00205593618514977,0.00130889829625788,0.000487318688389347,0.00367741930806754
631,0.000255687993141597,0.00198778243532502,0.0012084586526511,0,0.00361710670638281
632,0.000309600462350214,0.00192226386074743,0.000858350954489574,0.000574731302841679,0.00345934309951485
633,0.000235434875132858,0.00231461485332771,0.000689983768405891,0.000247498830673144,0.0033927928659683
634,0.000237368862406631,0.0022761045713318,0.00128892658015845,0,0.00268288575599727
635,0.000221354272593933,0.00214227194482297,0.00113632097012238,0,0.00304612748617453
636,0.000362589002869154,0.00254351311720343,0.00139079411825196,0.000837043709435643,0.00308722050896954
637,0.0002135467047052,0.00219190738991779,0.00121828430587261,0.000925546043102285,0.00312904186175891
638,0.000347683984886947,0.00234242736675445,0.00129214853134498,0.00151633385802125,0.00305029595531078
639,0.000393445547006972,0.00205607201206719,0.00101155966075066,0.00126077189239112,0.00282139749468745
640,0.000311192020400782,0.00228500655502884,0.00066745907660344,0.001180047872351,0.00320194503433904
641,0.000237746890334987,0.00277529894722814,0.00103107301470729,0.00084504880647594,0.00349844117118342
642,0.000440531996542771,0.00255213169417124,0.00138475807459588,0.000849032405714635,0.00356938662915053
643,0.00048303744500425,0.00307490624109687,0.00194930067242525,0.000508448996341674,0.00428001822033336
644,0.000416688870229354,0.00331313251716814,0.00155148333812824,0,0.00461419566609446
645,0.000341562278468512,0.00405467185596815,0.00104689811462499,0.00017094211751384,0.0052519814237804
646,0.000658869561066075,0.00448986770539602,0.00175301486742219,0.000256699448007349,0.00580259303439354
647,0.000660225610825393,0.00460214570925547,0.00164254236392967,0.000944761590350123,0.0073740856246211
648,0.000724624039250336,0.00465117201686139,0.0018286386778044,0.000771331427494901,0.00836459119577123
649,0.000515723464639508,0.00513597785089815,0.0016978776467263,0.00120487357661207,0.00861542871374922
650,0.000406662039314199,0.00548423399161412,0.00251681519111496,0.000776230459074888,0.00775522644691632
651,0.000511005558098454,0.00596218347733996,0.00276245243923173,0,0.00632930026232881
652,0.000410074224005994,0.0054412909848341,0.0030031801445349,0,0.00424324567880803
653,0.000433575338918131,0.00500271202676611,0.00424705435399063,0,0.00356848586327094
654,0.000443207210971421,0.00511921386045046,0.00510335410597985,0.000959113204135701,0.00253012268880154
655,0.000298318488276819,0.00511962250709122,0.00595226303869328,0.00174768681022974,0.00214982891037093
656,0.000357331539733793,0.00502547015253797,0.00845801665952957,0.00184047303342176,0.00135539848537004
657,0.000350695634864293,0.00459073674878876,0.011190464512966,0.00254163666592582,0.00121673996763947
658,0.00037280053073291,0.00399362739367688,0.0170857445691801,0.00202569194197006,0.000970450775187895
659,0.000328702786194871,0.00386207058377608,0.0224814734021496,0.0022054829571447,0.00105623293593108
660,0.000305793177479462,0.00406570433582555,0.0367786820586697,0.00159684954774399,0.00102797670976379
661,0.000547475132045246,0.00453572915308319,0.0525451332698416,0.00203724708733218,0.000795134289447461
662,0.000300514797904996,0.00414512301938989,0.0932735863629894,0.00311814260351257,0.00094223867246794
663,0.000293323015666126,0.0040391942638696,0.143085299933153,0.0025833721419119,0.00104492134885434
664,0.000208921074237317,0.00416634366074557,0.222507962395875,0.00258380890399081,0.000898658787621863
665,0.000379385285274332,0.00421538636378202,0.406450173769958,0.0018775826240853,0.000845015207585605
666,0.000289942170042094,0.00418951183055138,0.556903477260501,0.00160784241426867,0.000815204417091897
667,0.000396126046514996,0.00427747361812889,0.751978486532094,0.00169439978850526,0.00101260928858256
668,0.000255234755282033,0.00409162469560951,0.843348658248531,0.00331096207527431,0.000923538370594819
669,0.00025092636418541,0.00346484206705096,0.934865445596085,0.00334978451019812,0.000899298239740313
670,0.000197872739972216,0.00389545089888308,0.975019256700215,0.00227289302458031,0.000775883255265629
671,0.000351930129521475,0.00390011382614386,1,0.00301714653149166,0.000943987901612207
672,0.000402091750047772,0.00350619562728164,0.977949659573299,0.00237875837053306,0.000751765945747027
673,0.0004152534386919,0.00354028040965838,0.918405931077531,0.00267562506085627,0.000632575812913946
674,0.000501100264910318,0.00352673994573325,0.841861870765128,0.00294171977359394,0.000950746302327142
675,0.00056510797860452,0.00315995200919423,0.655382317772269,0.00267078129152193,0.000697551783899683
676,0.000372452319338289,0.00294293563007954,0.48496413391014,0.00304293914933162,0.000733298281526636
677,0.00052686917419518,0.00316572683308981,0.255221029293295,0.00339106980661601,0.000771408373198511
678,0.000594704822805813,0.00329473999385692,0.151140845292139,0.0032267467936962,0.000569315387859
679,0.00073899345029061,0.00355384806901152,0.0674935085276279,0.00343925900808448,0.000775658522195843
680,0.000683006516259902,0.00377755303034027,0.040606341969583,0.00447564058760808,0.000593621204613783
681,0.000593431084759354,0.00419591967346305,0.0204526273142884,0.00430359180961435,0.000553691980644485
682,0.000593741395736119,0.00477529716406193,0.013962747478486,0.0022347491880389,0.000895097569973273
683,0.000379290917322771,0.00503553993855205,0.00831105262292467,0.00300360742654389,0.000986282822784977
684,0.000446017216269572,0.00449013971777799,0.00621776154319099,0.00356880312601436,0.000992288399676371
685,0.000391472378733774,0.00461982033737252,0.00433236981798991,0.00330141074641505,0.000871233187560885
686,0.000261371520415374,0.00536030215765837,0.00392692703564406,0.0027328794566993,0.000589324040682023
687,0.000348464804415126,0.0051131383870733,0.00296636996289024,0.00435521189688504,0.000748469718320918
688,0.000339814688532958,0.00508221598535978,0.00262492294550432,0.00506607586158196,0.000791365341093025
689,0.00037289582548645,0.0050611552558997,0.00230762442389942,0.00494167638960454,0.00102267868280097
690,0.00029953336063136,0.00528484227761688,0.00212701094543868,0.00527499430392388,0.000756627852409719
691,0.000333940982518184,0.00513030850012848,0.00204396243819097,0.0032765691142365,0.000905547957715195
692,0.000324954481475694,0.00455507326900888,0.00159887744532457,0.00357356310414947,0.00080043383710293
693,0.000233616733827549,0.00458061844047237,0.00124728129871948,0.00183549326699123,0.000898990261156403
694,0.00028467980149076,0.00466009811617369,0.00104543755691928,0.00466612523953078,0.00105103413307637
695,0.000353794461342284,0.00468495098843532,0.00102483169625028,0.00447450771436401,0.00104481667614256
696,0.000408256610544671,0.00511587743208889,0.00108835590184453,0.00361734671150889,0.00117228532746231
697,0.000330585765067307,0.00559371057143696,0.00101332725193155,0.00413637474595089,0.000957308429652296
698,0.000369276605933637,0.00635344060590288,0.00158007223829763,0.00541875499287108,0.000869804383443211
699,0.000395271523436218,0.00740881775615996,0.00115796920711824,0.00560350859404223,0.000762924245674575
700,0.000311556777586262,0.00832685193955337,0.00156207527193002,0.00591458841210356,0.000546431655830891
701,0.000325160710676697,0.0088033768971414,0.00155681102522119,0.00713448261425618,0.000940439069400318
702,0.000390942964389451,0.0089330836787478,0.00117162191345365,0.00919703561224974,0.000889391704163423
703,0.000440455885918683,0.00815998925487238,0.00170463815064835,0.0131572468640395,0.000475336104474699
704,0.000307470937604315,0.00739513384094867,0.00113433142226895,0.0157643653600919,0.000641388736236457
705,0.000236367767608012,0.00613398098849912,0.000884364614905786,0.0215715090551397,0.00102077215847834
706,0.000316272924279999,0.00499656660639438,0.000877634169225873,0.0277358189176081,0.000744642024585078
707,0.000402692453680617,0.00450743806369723,0.000658210692874262,0.0397244290940181,0.000793228614107151
708,0.000616322090207708,0.00406165836687194,0.000572273814177944,0.0547105110590656,0.000943086495491888
709,0.000775377425249912,0.00279955291865091,0.000787595559111918,0.0860034844115038,0.000762885046560832
710,0.000750794290400778,0.00271399288201629,0.000822317190226894,0.126449148399512,0.000857526423531522
711,0.000643367611914203,0.00205752753807769,0.000742233161013065,0.234029675435082,0.000626661252098179
712,0.000688088659657729,0.00186403539340884,0.000597115592315094,0.429880810780758,0.000612397071177236
713,0.00069851436022191,0.00170542155354564,0.000714744233012972,0.602350491052185,0.000673941729372643
714,0.000822246198496323,0.00203368587132754,0.000708915480016008,0.844632791232624,0.00102847545019214
715,0.000666919549832317,0.00179552793504825,0.00125253899093987,0.938404831387863,0.0011544971504161
716,0.000544975825157836,0.00148843139819655,0.000742224990190672,0.999345944452908,0.00128733682169123
717,0.000729313738066892,0.00147011071383489,0.0010233970043031,1,0.00114907268910454
718,0.000579673713525126,0.00130720779601297,0.000779663812988188,0.99926184995516,0.000976395865710238
719,0.000594156822809315,0.00166436547084032,0.00065051369081936,0.99981870779945,0.000945471207380403
720,0.000659569943216556,0.00195672907696632,0.000821399610997036,0.981341039304968,0.00103979028454429
721,0.000741439318858288,0.00183762363974533,0.00101352304140886,0.911991987996245,0.00116590387696916
722,0.000667407495277468,0.00165463376130498,0.000880399207119837,0.798395362162843,0.000908432771004201
723,0.000542091897971463,0.00211860652015537,0.000843080721088824,0.543810749668272,0.0009490459413431
724,0.00055738270503042,0.00245361813187137,0.000719536155839793,0.365639934676026,0.00126630691101844
725,0.000332621165960946,0.0019793502179601,0.00102130892609735,0.170853267429648,0.000871524142727931
726,0.000211483065658085,0.00263727543411343,0.000828450180764813,0.075676689359247,0.000747360048976776
727,0.000212521001099058,0.00307021176058215,0.000771826834226121,0.0444670993619081,0.00100539339716446
728,0.000324195460992314,0.00309709382595727,0.000957177566925588,0.0240653337445284,0.000723166743323905
729,0.000391694769164436,0.00387008684444885,0.00114189231516995,0.0163204091360751,0.00240248166620608
730,0.000283556869216758,0.00454736950312877,0.000658616036281326,0.00839259566960886,0.00149871076841905
731,0.00039432216912243,0.00507639439626017,0.000890172288216748,0.00640202309524759,0.000973320687819365
732,0.000528010008948094,0.00505853018222125,0.00101963684415032,0.00577016586722818,0.00124453565330082
733,0.000210617139051708,0.00472315457065851,0.00110029486271773,0.00536537034679043,0.00092759869690532
734,0.000186641663382915,0.00418279174417954,0.000798651409289671,0.00609195368275443,0.000705774459747299
735,0.000271089407687573,0.0041624134996198,0.000612961740461435,0.00499579215481358,0.000893384898719083
736,0.000223147072390911,0.00428092644887336,0.000258006141383438,0.00460444330572017,0.000976490004637827
737,0.000371910758292046,0.0039719290553132,0.000352206133296452,0.00341325354173787,0.00103938218052757
738,0.000121003568633501,0.00384061189285007,0.000494858770049063,0.00462372100050026,0.00111301011887364
739,0.000215298763571704,0.00339598106331235,0.000336146985593276,0.00412982647519533,0.000869431024632853
740,0.000228783506649487,0.00280179148887003,0.000844965059724149,0.00219550777475206,0.000865024127341954
741,0.000285494520482677,0.00313595952049033,0.000782599691843436,0.00200956092509694,0.0010478893467457
742,0.000237409876483315,0.00324352359912963,0.000511674240637625,0.00278422320193263,0.00101204600558287
743,8.63974230094178e-05,0.00321656222345565,0.000742030046980824,0.00191466188454989,0.00157231701703668
744,0.000280954160977492,0.00327738838078082,0.000950314089120347,0.0028612857480765,0.00149874143030664
745,0.000213891818330427,0.00380829851950927,0.000784962154891695,0.00276794229482197,0.00126838010531392
746,0.000210682175310542,0.00480360193532533,0.000490915404406005,0.00269009845532585,0.000986794932660851
747,0.000273496474730846,0.00514016343924574,0.000581044128835193,0.00232647132698265,0.00108046154104709
748,0.000228292845979832,0.00634416884165192,0.000492603852913472,0.00222683922706171,0.00105791668843851
749,0.00039369953894182,0.00854340442998696,0.000650058624623136,0.00233897841252465,0.000788926580832625
750,0.000284935693299467,0.0111582347868284,0.000932949423443168,0.00295253210473131,0.000834333021427236
751,0.000241671304418938,0.0125831484176531,0.000695417024359456,0.00244804733916633,0.00128063393379414
752,8.09017314915267e-05,0.0128241180410443,0.00091991008238616,0.00334336692099138,0.0010989861898579
753,0.000278270085046648,0.0109574314080033,0.000739514880429903,0.00276388377150145,0.00123979684874339
754,0.000166506920616913,0.00776008302243652,0.000335766225854047,0.00367099804556598,0.000909463141590968
755,0.000203728281808287,0.00549311233546165,0.000676290862210587,0.00260520593730302,0.00126833538926426
756,0.000207465984585453,0.00453414004350546,0.000773183446731679,0.00240319095136732,0.00134646471053103
757,0.000288313858958493,0.0032908557800186,0.000919260299126488,0.00211874304970368,0.00119805064013824
758,0.00175387958538452,0.00415822920522353,0.0021265537097051,0.00437253738521047,0.00550889956110978
759,0.000562080118344656,0.0025247532051822,0.00112237079911647,0.00244619369896302,0.00239383636206744
760,0.000204849574338058,0.00174077978991973,0.00113405119533472,0.00164316198024591,0.0015664851914648
761,0.000133641811191927,0.00146344150178278,0.000744622555986602,0.00270561869381974,0.00134678213125158
762,0.000190461406528168,0.00130018384164333,0.00108441704439347,0.00343337637007858,0.0016292088830494
763,0.000171558007924233,0.00124605579598204,0.000947589213917306,0.00386891072055012,0.00147581441808617
764,0.000151976319165965,0.00093962154708764,0.00100624422789046,0.00389149669554151,0.0015042328700759
765,0.00017194871487959,0.00107529038135078,0.000722616768581717,0.00262063963578068,0.00172739148294817
766,0.000294413709866891,0.00124744461300251,0.000606052372545266,0.00372143778567997,0.00144547217023975
767,0.00021323944582871,0.00121351666958331,0.000528881642132663,0.00309843952990019,0.00125544351517391
768,0.000276148339438318,0.00101401435209213,0.000836243692821852,0.00203666941365532,0.0019164219719322
769,0.000269195738022668,0.000901207199430546,0.000654679884935668,0.00345289105316956,0.00223855190091022
770,0.000309921142110358,0.000825944134006632,0.000753026150340117,0.00217669847635492,0.00199947335368866
771,0.000350070952889938,0.000779475998446305,0.000870141900927453,0.00251093745099307,0.00229427339573525
772,0.000205386819689206,0.000417347844817277,0.00108938784639062,0.00317623956031844,0.00215922433642732
773,0.00017705613017091,0.000710182210254668,0.000675476906886285,0.00287392797083627,0.00200411756660211
774,0.000112547136196653,0.000800157416441097,0.000529839499445993,0.00377885405803818,0.00227278927145989
775,0.000172987737382823,0.000876230131202768,0.000444647213742776,0.0035572330134868,0.00221125377205069
776,0.000165294703150209,0.000788028206130494,0.000991913733973342,0.00324649131856986,0.0027177083138881
777,0.000136152288934359,0.000762349987713144,0.000913697903832819,0.00270511377625462,0.00290315434928007
778,0.000250883795704708,0.000725088138551565,0.000793200039398194,0.00271458340657695,0.00287717635750975
779,0.00040379509972757,0.000746403744029817,0.00105609054505407,0.00375215858161364,0.00258295857623017
780,0.000473989700177916,0.000886343137939236,0.00113076206990041,0.00318495574605562,0.00309899529189027
781,0.000209360263404882,0.000898724715471505,0.00124810207255109,0.00262480539873849,0.00281916861539714
782,0.000160209450904512,0.000899184816534251,0.000753677311621577,0.00125754072389081,0.00284634451417139
783,0.000183655362737626,0.000707865057729431,0.000682294104104697,0.00115410816726539,0.00292557027886654
784,0.000126868872344638,0.000918178937515372,0.000775265380971632,0.0029125431872269,0.0026984695523504
785,0.000132069589777648,0.00117100011709613,0.000911594339500241,0.00269262954417171,0.00313384659725834
786,0.000269697963788406,0.00122742269682479,0.00103045156301957,0.00106099248823321,0.00375138511902858
787,0.000284159088379387,0.000969237407095492,0.0012532950777018,0.00248835307387032,0.0044371494442458
788,0.000344178390368093,0.000814547329597134,0.00131276740897315,0.00335590286367755,0.0042521298043747
789,0.000367361752576286,0.000949895799882663,0.00121268861728762,0.00336285497556004,0.00400880457779988
790,0.000351338276307178,0.000897280939017344,0.000869817068867192,0.00422991902175892,0.00478680488421252
791,0.0001687846806797,0.000886973041914586,0.00113911448919304,0.00241356724805953,0.00503683712796922
792,0.000312653576371757,0.000804766027943033,0.000704616509060523,0.00244186374627382,0.00567264490675605
793,0.000225383226823203,0.00102850336554998,0.000673355588185633,0.00229699690818541,0.00705415079711812
794,0.000280018653905663,0.00142891988021087,0.000852432169995765,0.0035570325855545,0.0080358842269734
795,0.000161707491086909,0.00170682104176928,0.000825912270140771,0.00146916045313083,0.0084259376206255
796,0.000200724917627135,0.00175830826036993,0.00091533818894655,0.00135633969879872,0.00955240673038706
797,0.000248565286461308,0.00145177183709363,0.000766231149476756,0.00197935421525276,0.0104430243373468
798,0.000349666346245628,0.0021910845331531,0.000756966916781638,0.00284508216025777,0.0129838795319663
799,0.00030321466266993,0.00190617471020512,0.000628167310337276,0.00186429995799831,0.0157990475238697
800,0.00025148404993741,0.00224673586784253,0.00125201434345958,0.00174915354158762,0.0196564380382038
801,0.000231330583322263,0.00194218077619796,0.00117500541966302,0.0014957683029222,0.0225317877650196
802,9.22285963538918e-05,0.00203924491778228,0.00101802922077436,0.000751250346535666,0.0280707792001376
803,0.000243764508130836,0.00215328163717178,0.00102387456363175,0.00175836577172636,0.0347999359046765
804,0.000258926744508522,0.00207411344985129,0.000796470287636525,0.00266808150925456,0.0437707686775974
805,0.000229608802486218,0.00213574368198253,0.000645408005851704,0.00304042164029968,0.0521624332803852
806,0.000400944616849994,0.00161469348664359,0.000641234861434862,0.00366774360788792,0.0662514180204114
807,0.000275829081800274,0.00172770515595897,0.00114194659181311,0.00255529867371249,0.0855165327150572
808,0.000152093952083517,0.00170510042872472,0.000548886056698165,0.00252752766009403,0.112450917691698
809,0.000222456618655545,0.00145804894142411,0.00089705374711388,0.00243032283476061,0.150144938496253
810,0.000430378829348906,0.00144815130382937,0.000743166552510372,0.00320219582338783,0.182109996918384
811,0.000452179467845614,0.00124002585021013,0.000735708177843774,0.00270764921701308,0.244029992026893
812,0.000304613269200906,0.000891599799382115,0.000926003820074975,0.00310626351927583,0.327177086422324
813,0.000225688490431123,0.00114439512356693,0.000919565759915977,0.00324492757629076,0.430455813417807
814,0.000215258153001243,0.000937185896086857,0.000679288797534545,0.00480075627577825,0.544837144213736
815,6.03521952980038e-05,0.000888475864222422,0.000656233079793432,0.00493567984237415,0.617461807764714
816,0.000326550281113738,0.00118821298961068,0.00112128528962895,0.00441540361635003,0.725934412303111
817,0.000495366841512902,0.00127522357129062,0.00130591640158464,0.0067949720020424,0.813725008080929
818,0.000283969892547938,0.0012495011353401,0.000938366368819142,0.00722504657778509,0.876882776584006
819,0.000288488819713989,0.0012546128934767,0.000774026808963929,0.00761121666177081,0.923697640468813
820,0.000187715484479113,0.00099837303717498,0.000774515910903251,0.00498792715252762,0.947770887750464
821,0.0001370154126793,0.000712124136919933,0.000648990256662466,0.00303023774382722,0.973108940119908
822,0.000182594931183894,0.00100625244886669,0.00139536111866129,0.00184097669853308,0.987099057973987
823,0.000306673611764244,0.000435587374129972,0.00109352080298082,0.00279053370014011,0.995939084332449
824,0.00024167484125928,0.000757609237727951,0.00107444053054919,0.0018700740486308,0.996758247427298
825,0.000231248385936724,0.000720542546046944,0.00109904484553411,0.00199630962519226,1
826,0.000205360275945867,0.000965716822351604,0.00116768354572829,0.00279632455224579,0.988847835980222
827,0.000273009682190627,0.000638898342510928,0.00123271330014315,0.0018675823426117,0.984236366210201
828,0.000305279778478716,0.000788947445624703,0.00143036988130186,0.00134311383199394,0.976154817936608
829,0.000269764940619174,0.00096429061283411,0.00142797559430475,0.00213917621315447,0.972488074440131
830,0.000274543896499743,0.000917521831829692,0.000683088223978284,0.00161066866391247,0.969946854282529
831,0.000478824387759276,0.00112707712033438,0.00122931995279843,0.00148469345671318,0.968127116117145
832,0.000308255137452723,0.00125024085833475,0.000870893625959094,0.00324465267116582,0.96258529230701
833,0.000188245012594499,0.00103832691005825,0.000952364225556681,0.00189032795750689,0.960717640007873
834,0.000199288882039362,0.000362431667993525,0.00126847811760971,0.00256747883166803,0.956557722354564
835,7.86129693374846e-05,0.000390267319642349,0.000936093429292102,0,0.950708643227895
836,0.000404775638553154,0.000688446904582911,0.00138375362079194,0.00285133364823238,0.945547987566022
837,0.000205216504221943,0.000271369211659596,0.00197416328485715,0.00272173750795417,0.938456521591723
838,0.000220513553681852,0.000345666656612512,0.00153126060655958,0.00149298110344656,0.930494131694249
839,0.000456364778417794,0.000591290421749436,0.000893143201053267,0.00316238358752519,0.924714011687891
840,0.000333330523330943,0.000619219574766028,0.000843031604106976,0.00123009333032046,0.917026373331476
841,0.000297526131388838,0.000593328221608026,0.0012183405072757,0.000684995282583495,0.903240502849168
842,0.000149199275582976,0.00058451008452955,0.000981049728092165,0,0.887709033819078
843,0.000244276486029529,0.000755113481314622,0.00080207494240491,0.000411140639867403,0.874461610009805
844,0.00026001437974439,0.000781267304291692,0.00169444067373712,0.000274451982957035,0.860526882403402
845,0.000181821102916668,0.000567320657117805,0.000733407235552566,0.00220382610770212,0.845017642824149
846,0.0002304739771309,0.000714426812424154,0.000840794542042955,0.000970254402291203,0.830326067466232
847,0.000106702955959925,0.000873811288566139,0.000722403874706862,0.000829582470396596,0.814273150610183
848,0.000384267774558287,0.000711527066205955,0.0010157319313725,0.000275255698377802,0.796619281748626
849,0.000347731947743052,0.000691465875649969,0.00138295559418784,0,0.782274263718523
850,0.000241312417310177,0.000928399742468313,0.00113942451188619,0.000275578561670355,0.765184072325548
851,0.00079810091890946,0.00141579235378711,0.00138375061049229,0.00070504498943072,0.748976637331211
852,0.000491477083451399,0.00110249305154992,0.00175467853012831,0.000698970306458013,0.733908263931209
853,0.00035977054570945,0.0013619751959791,0.00156651769636251,0.00103119320245509,0.72232566245192
854,0.00056183089669612,0.00124614236978566,0.00115447388809289,0.000745325262329891,0.708310838364253
855,0.000574453698399977,0.000973752834152194,0.00177541935167368,0.000931165669053686,0.699106222839478
856,0.000634240750113015,0.00123374826965953,0.0014811850186699,0.0011236444601133,0.68006161215824
857,0.000619909337319401,0.00105953473829831,0.00170691885064949,0.000770205426642519,0.663851324581813
858,0.000720729755135412,0.00112938792308745,0.00130834702447352,0.000296447647296364,0.644178600845935
859,0.000377448645682143,0.000855989501933349,0.00125289481644638,0.000585567475629242,0.621770728495182
860,0.00068079037947837,0.00105353308609767,0.0016402992439114,0.00062151736383492,0.592866666097995
861,0.000615983827677548,0.000951985264372722,0.00153174773502301,0.000421422322796133,0.565635834194307
862,0.000610252326445565,0.00132338592404024,0.00115285842648098,0.000478304126209496,0.525662302253864
863,0.000642561183414083,0.00101439943639026,0.00138930473747228,0.000299624979411588,0.477544472754037
864,0.000699700057165521,0.000972222081538428,0.00139953231783333,0.000285412565060023,0.417024167023654
865,0.000469942713723967,0.00111799601204401,0.00132962487155432,0.000993112589655653,0.347204025692555
866,0.000250119879441726,0.00119771017264193,0.00108005185055751,0.000334224341280664,0.299890364697505
867,0.000259058842578604,0.000929108754763262,0.00109755715683558,0.000888178896955128,0.231898896089394
868,0.000255071778930551,0.00102420213436081,0.00137920627104075,0.000834200397242894,0.172507267933708
869,0.000664851096680189,0.000996793082834222,0.00141935579743042,0.000262180894909236,0.125722374738471
